2026-03-10_17-15-25,0,draft.go:2026-03-10_17-15-25
2026-03-10_17-15-28,0,draft.go:2026-03-10_17-15-25
2026-03-10_17-16-17,0,draft.go:2026-03-10_17-16-17
2026-03-10_17-16-27,0,draft.go:2026-03-10_17-16-27
2026-03-10_17-19-23,0,draft.go:2026-03-10_17-16-27
2026-03-10_17-31-00,0,draft.go:2026-03-10_17-31-00
2026-03-10_17-31-18,0,draft.go:2026-03-10_17-31-18
2026-03-10_17-31-51,0,draft.go:2026-03-10_17-31-51
2026-03-10_17-31-56,0,draft.go:2026-03-10_17-31-51
2026-03-10_17-31-57,0,draft.go:2026-03-10_17-31-51
2026-03-10_17-32-19,0,draft.go:2026-03-10_17-32-19
2026-03-10_17-40-07,0,draft.go:2026-03-10_17-40-07
2026-03-10_17-43-20,0,draft.go:2026-03-10_17-43-20
2026-03-10_17-44-29,0,draft.go:2026-03-10_17-44-29
2026-03-10_17-52-48,---,draft.go:2026-03-10_17-52-48
2026-03-10_17-55-54,0,draft.go:2026-03-10_17-55-54
2026-03-10_17-57-47,100,draft.go:2026-03-10_17-57-47
2026-03-10_17-58-41,100,draft.go:2026-03-10_17-57-47
