2026-03-24_16-48-21,0,draft.go:2026-03-24_16-48-21
2026-03-24_16-48-23,---,draft.go:2026-03-24_16-48-21
2026-03-24_16-51-47,0,draft.go:2026-03-24_16-51-47
2026-03-24_16-52-31,0,draft.go:2026-03-24_16-52-31
2026-03-24_16-52-36,---,draft.go:2026-03-24_16-52-31
2026-03-24_16-52-48,0,draft.go:2026-03-24_16-52-48
2026-03-24_16-53-18,0,draft.go:2026-03-24_16-53-18
2026-03-24_16-54-39,0,draft.go:2026-03-24_16-54-39
2026-03-24_16-54-57,0,draft.go:2026-03-24_16-54-57
2026-03-24_16-55-22,0,draft.go:2026-03-24_16-54-57
2026-03-24_16-56-54,0,draft.go:2026-03-24_16-56-54
2026-03-24_16-58-29,0,draft.go:2026-03-24_16-58-29
2026-03-24_17-00-13,100,draft.go:2026-03-24_17-00-13
