2026-03-31_17-58-26,0,draft.go:2026-03-31_17-58-26
2026-03-31_18-04-04,0,draft.go:2026-03-31_18-04-04
2026-03-31_18-04-08,0,draft.go:2026-03-31_18-04-04
2026-03-31_18-04-10,0,draft.go:2026-03-31_18-04-04
2026-03-31_18-04-11,0,draft.go:2026-03-31_18-04-04
2026-03-31_18-04-12,0,draft.go:2026-03-31_18-04-04
2026-03-31_18-04-12,0,draft.go:2026-03-31_18-04-04
2026-03-31_18-04-13,0,draft.go:2026-03-31_18-04-04
2026-03-31_18-04-13,0,draft.go:2026-03-31_18-04-04
2026-03-31_18-04-14,0,draft.go:2026-03-31_18-04-04
2026-03-31_18-04-17,---,draft.go:2026-03-31_18-04-04
2026-03-31_18-04-38,0,draft.go:2026-03-31_18-04-04
2026-03-31_18-04-38,0,draft.go:2026-03-31_18-04-04
2026-03-31_18-04-39,0,draft.go:2026-03-31_18-04-04
2026-03-31_18-04-40,0,draft.go:2026-03-31_18-04-04
2026-03-31_18-04-40,0,draft.go:2026-03-31_18-04-04
2026-03-31_18-04-40,0,draft.go:2026-03-31_18-04-04
2026-03-31_18-04-43,0,draft.go:2026-03-31_18-04-04
2026-03-31_18-04-44,0,draft.go:2026-03-31_18-04-04
2026-03-31_18-04-45,0,draft.go:2026-03-31_18-04-04
2026-03-31_18-04-45,0,draft.go:2026-03-31_18-04-04
2026-03-31_18-04-45,0,draft.go:2026-03-31_18-04-04
2026-03-31_18-04-46,0,draft.go:2026-03-31_18-04-04
2026-03-31_18-04-46,0,draft.go:2026-03-31_18-04-04
2026-03-31_18-04-47,0,draft.go:2026-03-31_18-04-04
2026-03-31_18-04-47,0,draft.go:2026-03-31_18-04-04
2026-03-31_18-04-47,0,draft.go:2026-03-31_18-04-04
2026-03-31_18-04-48,0,draft.go:2026-03-31_18-04-04
2026-03-31_18-04-48,0,draft.go:2026-03-31_18-04-04
2026-03-31_18-07-49,0,draft.go:2026-03-31_18-07-49
2026-03-31_18-07-52,0,draft.go:2026-03-31_18-07-49
2026-03-31_18-13-20,0,draft.go:2026-03-31_18-13-20
2026-03-31_18-13-24,---,draft.go:2026-03-31_18-13-20
