2026-06-30_12-17-39,0,draft.go:2026-06-30_12-17-39
2026-06-30_12-20-46,---,draft.go:2026-06-30_12-20-46
2026-06-30_12-23-34,0,draft.go:2026-06-30_12-23-34
2026-06-30_12-25-35,0,draft.go:2026-06-30_12-25-35
2026-06-30_12-25-48,33,draft.go:2026-06-30_12-25-48
2026-06-30_12-25-56,33,draft.go:2026-06-30_12-25-56
2026-06-30_12-26-41,0,draft.go:2026-06-30_12-25-56
2026-06-30_12-26-50,33,draft.go:2026-06-30_12-26-50
2026-06-30_12-27-33,0,draft.go:2026-06-30_12-27-33
2026-06-30_12-27-46,33,draft.go:2026-06-30_12-27-46
2026-06-30_12-28-43,0,draft.go:2026-06-30_12-28-43
2026-06-30_12-29-18,0,draft.go:2026-06-30_12-28-43
2026-06-30_12-29-19,0,draft.go:2026-06-30_12-28-43
2026-06-30_12-29-30,0,draft.go:2026-06-30_12-29-30
2026-06-30_12-29-46,0,draft.go:2026-06-30_12-29-30
2026-06-30_12-30-59,0,draft.go:2026-06-30_12-29-30
2026-06-30_12-34-02,100,draft.go:2026-06-30_12-34-02
2026-06-30_12-34-11,100,draft.go:2026-06-30_12-34-02
