2026-03-11_16-54-50,0,draft.go:2026-03-11_16-54-50
2026-03-11_16-54-57,---,draft.go:2026-03-11_16-54-50
2026-03-11_17-03-33,0,draft.go:2026-03-11_17-03-33
2026-03-11_17-04-02,0,draft.go:2026-03-11_17-04-02
2026-03-11_17-04-10,0,draft.go:2026-03-11_17-04-10
2026-03-11_17-10-30,0,draft.go:2026-03-11_17-10-30
2026-03-11_17-11-06,0,draft.go:2026-03-11_17-11-06
2026-03-11_17-12-07,0,draft.go:2026-03-11_17-12-07
2026-03-11_17-12-09,0,draft.go:2026-03-11_17-12-07
2026-03-11_17-13-10,0,draft.go:2026-03-11_17-13-10
2026-03-11_17-13-22,60,draft.go:2026-03-11_17-13-22
2026-03-11_17-14-32,100,draft.go:2026-03-11_17-14-32
2026-03-11_17-14-59,100,draft.go:2026-03-11_17-14-32
2026-03-11_23-36-38,100,draft.go:2026-03-11_23-36-38
2026-03-11_23-36-43,100,draft.go:2026-03-11_23-36-38
2026-03-11_23-37-53,100,draft.go:2026-03-11_23-36-38
2026-03-11_23-46-47,100,draft.go:2026-03-11_23-36-38
