2026-06-08_16-01-44,0,draft.go:2026-06-08_16-01-44
2026-06-08_16-13-42,0,draft.go:2026-06-08_16-13-42
2026-06-08_16-17-13,0,draft.go:2026-06-08_16-17-13
2026-06-08_16-17-41,0,draft.go:2026-06-08_16-17-41
2026-06-08_16-18-15,0,draft.go:2026-06-08_16-18-15
2026-06-08_16-18-51,0,draft.go:2026-06-08_16-18-51
2026-06-08_16-20-34,0,draft.go:2026-06-08_16-20-34
2026-06-09_17-53-12,0,draft.go:2026-06-09_17-53-12
2026-06-09_18-00-56,0,draft.go:2026-06-09_17-53-12
2026-06-09_18-06-54,0,draft.go:2026-06-09_18-06-54
2026-06-09_18-07-08,0,draft.go:2026-06-09_18-07-08
2026-06-09_18-11-07,0,draft.go:2026-06-09_18-11-07
2026-06-09_18-11-50,---,draft.go:2026-06-09_18-11-07
2026-06-14_21-03-18,0,draft.go:2026-06-09_18-11-07
