2026-04-14_17-37-12,0,draft.go:2026-04-14_17-37-12
2026-04-14_17-40-39,---,draft.go:2026-04-14_17-40-39
2026-04-14_17-41-10,0,draft.go:2026-04-14_17-41-10
2026-04-14_17-42-43,0,draft.go:2026-04-14_17-42-43
2026-04-14_17-43-52,0,draft.go:2026-04-14_17-43-52
2026-04-14_17-44-10,0,draft.go:2026-04-14_17-44-10
2026-04-14_17-53-19,0,draft.go:2026-04-14_17-53-19
2026-04-14_17-53-20,0,draft.go:2026-04-14_17-53-19
2026-04-14_17-55-19,0,draft.go:2026-04-14_17-55-19
2026-04-14_17-55-25,0,draft.go:2026-04-14_17-55-25
2026-04-14_17-55-51,0,draft.go:2026-04-14_17-55-51
2026-04-14_17-56-23,75,draft.go:2026-04-14_17-56-23
2026-04-14_17-57-07,75,draft.go:2026-04-14_17-57-07
2026-04-14_17-57-11,75,draft.go:2026-04-14_17-57-07
2026-04-14_17-58-10,75,draft.go:2026-04-14_17-58-10
2026-04-14_17-58-23,0,draft.go:2026-04-14_17-58-23
2026-04-14_17-58-39,0,draft.go:2026-04-14_17-58-39
2026-04-14_17-58-50,0,draft.go:2026-04-14_17-58-50
2026-04-14_18-02-45,75,draft.go:2026-04-14_18-02-45
2026-04-14_18-04-06,0,draft.go:2026-04-14_18-04-06
2026-04-14_18-08-50,0,draft.go:2026-04-14_18-08-50
2026-04-14_18-09-06,0,draft.go:2026-04-14_18-09-06
2026-04-14_18-09-19,0,draft.go:2026-04-14_18-09-19
2026-04-14_18-09-21,0,draft.go:2026-04-14_18-09-19
2026-04-14_18-09-22,0,draft.go:2026-04-14_18-09-22
2026-04-14_18-09-22,75,draft.go:2026-04-14_18-09-22
2026-04-14_18-09-28,75,draft.go:2026-04-14_18-09-28
2026-04-14_18-09-35,75,draft.go:2026-04-14_18-09-28
2026-04-14_18-09-39,0,draft.go:2026-04-14_18-09-39
2026-04-14_18-14-17,0,draft.go:2026-04-14_18-14-17
2026-04-14_18-14-32,0,draft.go:2026-04-14_18-14-17
2026-04-27_16-33-59,0,draft.go:2026-04-27_16-33-59
2026-04-27_16-33-59,0,draft.go:2026-04-27_16-33-59
2026-04-27_16-33-59,0,draft.go:2026-04-27_16-33-59
2026-04-27_16-33-59,0,draft.go:2026-04-27_16-33-59
2026-04-27_16-34-00,0,draft.go:2026-04-27_16-34-00
2026-04-27_16-34-00,0,draft.go:2026-04-27_16-34-00
2026-04-27_16-34-00,0,draft.go:2026-04-27_16-34-00
2026-04-27_16-34-00,0,draft.go:2026-04-27_16-34-00
2026-04-27_16-34-00,0,draft.go:2026-04-27_16-34-00
2026-04-27_16-34-00,0,draft.go:2026-04-27_16-34-00
2026-04-27_16-34-00,0,draft.go:2026-04-27_16-34-00
2026-04-27_16-34-00,0,draft.go:2026-04-27_16-34-00
2026-04-27_16-34-00,0,draft.go:2026-04-27_16-34-00
2026-04-27_16-34-01,0,draft.go:2026-04-27_16-34-00
2026-04-27_16-34-01,0,draft.go:2026-04-27_16-34-00
2026-04-27_16-34-01,0,draft.go:2026-04-27_16-34-00
2026-04-27_16-34-01,0,draft.go:2026-04-27_16-34-00
2026-04-27_16-34-01,0,draft.go:2026-04-27_16-34-00
2026-04-27_16-34-01,0,draft.go:2026-04-27_16-34-00
2026-04-27_16-34-01,0,draft.go:2026-04-27_16-34-00
2026-04-27_16-34-02,0,draft.go:2026-04-27_16-34-00
2026-04-27_16-34-02,0,draft.go:2026-04-27_16-34-00
2026-04-27_16-34-02,0,draft.go:2026-04-27_16-34-00
2026-04-27_16-34-02,0,draft.go:2026-04-27_16-34-00
2026-04-27_16-34-02,0,draft.go:2026-04-27_16-34-00
2026-04-27_16-34-02,0,draft.go:2026-04-27_16-34-00
2026-04-27_16-34-02,0,draft.go:2026-04-27_16-34-00
2026-04-27_16-34-02,0,draft.go:2026-04-27_16-34-00
2026-04-27_16-34-02,0,draft.go:2026-04-27_16-34-00
2026-04-27_16-34-02,0,draft.go:2026-04-27_16-34-00
2026-04-27_16-34-03,0,draft.go:2026-04-27_16-34-00
2026-04-27_16-34-03,0,draft.go:2026-04-27_16-34-00
2026-04-27_16-34-03,0,draft.go:2026-04-27_16-34-00
2026-04-27_16-34-03,0,draft.go:2026-04-27_16-34-00
2026-04-27_16-34-03,0,draft.go:2026-04-27_16-34-00
2026-04-27_16-34-03,0,draft.go:2026-04-27_16-34-00
2026-04-27_16-34-03,0,draft.go:2026-04-27_16-34-00
2026-04-27_16-34-03,0,draft.go:2026-04-27_16-34-00
2026-04-27_16-34-03,0,draft.go:2026-04-27_16-34-00
2026-04-27_16-34-03,0,draft.go:2026-04-27_16-34-00
2026-04-27_16-34-04,0,draft.go:2026-04-27_16-34-00
2026-04-27_16-34-04,0,draft.go:2026-04-27_16-34-00
2026-04-27_16-34-04,0,draft.go:2026-04-27_16-34-00
2026-04-27_16-34-04,0,draft.go:2026-04-27_16-34-00
2026-04-27_16-34-04,0,draft.go:2026-04-27_16-34-00
2026-04-27_16-34-04,0,draft.go:2026-04-27_16-34-00
2026-04-27_16-34-04,0,draft.go:2026-04-27_16-34-00
2026-04-27_16-34-04,0,draft.go:2026-04-27_16-34-00
2026-04-27_16-34-04,0,draft.go:2026-04-27_16-34-00
2026-04-27_16-34-04,0,draft.go:2026-04-27_16-34-00
2026-04-27_16-34-05,0,draft.go:2026-04-27_16-34-00
2026-04-27_16-34-05,0,draft.go:2026-04-27_16-34-00
2026-04-27_16-34-05,0,draft.go:2026-04-27_16-34-00
2026-04-27_16-34-05,0,draft.go:2026-04-27_16-34-00
2026-04-27_16-34-05,0,draft.go:2026-04-27_16-34-00
2026-04-27_16-34-05,0,draft.go:2026-04-27_16-34-00
2026-04-27_16-34-05,0,draft.go:2026-04-27_16-34-00
2026-04-27_16-34-05,0,draft.go:2026-04-27_16-34-00
2026-04-27_16-34-05,0,draft.go:2026-04-27_16-34-00
2026-04-27_16-34-05,0,draft.go:2026-04-27_16-34-00
2026-04-27_16-34-06,0,draft.go:2026-04-27_16-34-00
2026-04-27_16-34-06,0,draft.go:2026-04-27_16-34-00
2026-04-27_16-34-06,0,draft.go:2026-04-27_16-34-00
2026-04-27_16-34-06,0,draft.go:2026-04-27_16-34-00
2026-04-27_16-34-06,0,draft.go:2026-04-27_16-34-00
2026-04-27_16-34-06,0,draft.go:2026-04-27_16-34-00
2026-04-27_16-34-06,0,draft.go:2026-04-27_16-34-00
2026-04-27_16-34-06,0,draft.go:2026-04-27_16-34-00
2026-04-27_16-34-06,0,draft.go:2026-04-27_16-34-00
2026-04-27_16-34-07,0,draft.go:2026-04-27_16-34-00
2026-04-27_16-34-07,0,draft.go:2026-04-27_16-34-00
2026-04-27_16-34-07,0,draft.go:2026-04-27_16-34-00
2026-04-27_16-34-07,0,draft.go:2026-04-27_16-34-00
2026-04-27_16-34-07,0,draft.go:2026-04-27_16-34-00
2026-04-27_16-34-07,0,draft.go:2026-04-27_16-34-00
2026-04-27_16-34-07,0,draft.go:2026-04-27_16-34-00
2026-04-27_16-34-07,0,draft.go:2026-04-27_16-34-00
2026-04-27_16-34-07,0,draft.go:2026-04-27_16-34-00
2026-04-27_16-34-08,0,draft.go:2026-04-27_16-34-00
2026-04-27_16-34-08,0,draft.go:2026-04-27_16-34-00
2026-04-27_16-34-08,0,draft.go:2026-04-27_16-34-00
2026-04-27_16-34-08,0,draft.go:2026-04-27_16-34-00
2026-04-27_16-34-08,0,draft.go:2026-04-27_16-34-00
2026-04-27_16-34-08,0,draft.go:2026-04-27_16-34-00
2026-04-27_16-34-08,0,draft.go:2026-04-27_16-34-00
2026-04-27_16-34-09,0,draft.go:2026-04-27_16-34-00
2026-04-27_16-34-09,0,draft.go:2026-04-27_16-34-00
2026-04-27_16-34-09,0,draft.go:2026-04-27_16-34-00
2026-04-27_16-34-09,0,draft.go:2026-04-27_16-34-00
2026-04-27_16-34-09,0,draft.go:2026-04-27_16-34-00
2026-04-27_16-34-09,0,draft.go:2026-04-27_16-34-00
2026-04-27_16-34-09,0,draft.go:2026-04-27_16-34-00
2026-04-27_16-34-09,0,draft.go:2026-04-27_16-34-00
2026-04-27_16-34-09,0,draft.go:2026-04-27_16-34-00
2026-04-27_16-34-10,0,draft.go:2026-04-27_16-34-00
2026-04-27_16-34-10,0,draft.go:2026-04-27_16-34-00
2026-04-27_16-34-10,0,draft.go:2026-04-27_16-34-00
2026-04-27_16-34-10,0,draft.go:2026-04-27_16-34-00
2026-04-27_16-34-10,0,draft.go:2026-04-27_16-34-00
2026-04-27_16-34-10,0,draft.go:2026-04-27_16-34-00
2026-04-27_16-34-10,0,draft.go:2026-04-27_16-34-00
2026-04-27_16-34-10,0,draft.go:2026-04-27_16-34-00
2026-04-27_16-34-10,0,draft.go:2026-04-27_16-34-00
2026-04-27_16-34-10,0,draft.go:2026-04-27_16-34-00
2026-04-27_16-34-10,0,draft.go:2026-04-27_16-34-00
2026-04-27_16-34-11,0,draft.go:2026-04-27_16-34-00
2026-04-27_16-35-35,0,draft.go:2026-04-27_16-34-00
2026-04-27_16-36-59,0,draft.go:2026-04-27_16-34-00
2026-04-27_16-37-35,0,draft.go:2026-04-27_16-34-00
2026-04-27_16-37-57,0,draft.go:2026-04-27_16-34-00
2026-04-28_16-58-12,0,draft.go:2026-04-27_16-34-00
2026-04-28_17-01-23,75,draft.go:2026-04-28_17-01-23
2026-04-28_17-01-37,75,draft.go:2026-04-28_17-01-37
2026-04-28_17-01-38,75,draft.go:2026-04-28_17-01-37
2026-04-28_17-01-40,---,draft.go:2026-04-28_17-01-37
2026-04-28_17-01-57,75,draft.go:2026-04-28_17-01-37
2026-04-28_17-02-44,0,draft.go:2026-04-28_17-02-44
2026-04-28_17-03-08,0,draft.go:2026-04-28_17-03-08
2026-04-28_17-03-32,0,draft.go:2026-04-28_17-03-32
2026-04-28_17-04-37,75,draft.go:2026-04-28_17-04-37
2026-04-28_17-04-55,75,draft.go:2026-04-28_17-04-37
2026-04-28_17-04-59,75,draft.go:2026-04-28_17-04-37
2026-04-28_17-04-59,75,draft.go:2026-04-28_17-04-37
2026-04-28_17-05-00,75,draft.go:2026-04-28_17-04-37
2026-04-28_17-07-05,75,draft.go:2026-04-28_17-04-37
2026-04-28_17-09-08,75,draft.go:2026-04-28_17-04-37
2026-04-28_17-11-22,75,draft.go:2026-04-28_17-04-37
2026-04-28_17-11-24,75,draft.go:2026-04-28_17-04-37
2026-04-28_17-11-26,75,draft.go:2026-04-28_17-04-37
2026-04-28_17-14-26,75,draft.go:2026-04-28_17-04-37
2026-04-28_17-15-17,0,draft.go:2026-04-28_17-15-17
2026-04-28_17-15-27,25,draft.go:2026-04-28_17-15-27
2026-04-28_17-15-49,75,draft.go:2026-04-28_17-15-49
2026-04-28_17-16-11,75,draft.go:2026-04-28_17-15-49
2026-04-28_17-16-21,25,draft.go:2026-04-28_17-16-21
2026-04-28_17-17-28,25,draft.go:2026-04-28_17-17-28
2026-04-28_17-18-31,100,draft.go:2026-04-28_17-18-31
2026-04-28_17-37-37,100,draft.go:2026-04-28_17-37-37
